<?xml version="1.0" encoding="UTF-8" standalone="yes"?>
<addon id="repository.streamlinks" name="streamlinks" version="0.0.1" provider-name="tonkatoy">
	<extension point="xbmc.addon.repository" name="streamlinks">
		<dir>
			<info compressed="false">https://raw.githubusercontent.com/totalrevolution/python-koding/master/zips/addons.xml</info>
			<checksum>https://raw.githubusercontent.com/totalrevolution/python-koding/master/zips/addons.xml.md5</checksum>
			<datadir zip="true">https://raw.githubusercontent.com/totalrevolution/python-koding/master/zips/</datadir>
		</dir>
		<info compressed="false">https://raw.githubusercontent.com/tonkatoy/repository.streamlinks/master/zips/addons.xml</info>
		<checksum>https://raw.githubusercontent.com/tonkatoy/repository.streamlinks/master/zips/addons.xml.md5</checksum>
		<datadir zip="true">https://raw.githubusercontent.com/tonkatoy/repository.streamlinks/master/zips/</datadir>
	</extension>
	<extension point="xbmc.addon.metadata">
		<summary lang="en">Kodi add-ons</summary>
		<description lang="en">addons I like, make, clone or use as I see fit. I reserve the right to prevent installation, of my addons or remove my repo as I see fit. I do not seek your approval or permission for what I do with MY repo :)</description>
		<genre>downloads,tech,australian,uk,usa</genre>
	</extension>
</addon>
